{
  "seed": 1, 
  "mse": 0.8883941555874327, 
  "r2": 0.6802751237600742, 
  "n_parameters": 4, 
  "train_samples": 800, 
  "val_samples": 200, 
  "created": "2025-08-24T07:03:44.923513Z"
}
