{
  "seed": 5, 
  "mse": 0.9704763042982681, 
  "r2": 0.5934408497665223, 
  "n_parameters": 4, 
  "train_samples": 800, 
  "val_samples": 200, 
  "created": "2025-08-24T07:09:14.069345Z"
}
