{"seed":2,"mse":1.0731289861455013,"r2":0.6218370949915389,"n_parameters":4,"train_samples":800,"val_samples":200,"created":"2025-08-24T07:31:42.682891Z","run_id":"lr_run_2","lr":0.01,"regularization":0.0,"epochs":1}
