{"seed":3,"mse":1.0014710845112726,"r2":0.6226290832659591,"n_parameters":4,"train_samples":800,"val_samples":200,"created":"2025-08-24T07:31:43.088757Z","run_id":"lr_run_3","lr":0.01,"regularization":0.0,"epochs":1}
