{"seed":3,"mse":1.0014710845112726,"r2":0.6226290832659591,"n_parameters":4,"train_samples":800,"val_samples":200,"created":"2025-08-24T07:03:45.768371Z"}
