{"seed":4,"mse":0.9470773787130551,"r2":0.6731793227,"n_parameters":4,"train_samples":800,"val_samples":200,"created":"2025-08-24T07:31:43.488312Z","run_id":"lr_run_4","lr":0.01,"regularization":0.0,"epochs":1}
